Nombre,Tipo,Fecha,Valor
Amc Biotech,Fondo,2025-12-31, 2387.5900
Amc Biotech,Fondo,2026-01-09, 2600.9987
Amc Biotech,Fondo,2026-01-16, 2629.2700
Amc Biotech,Fondo,2026-01-23, 2708.5500
Amc Biotech,Fondo,2026-01-30, 2600.2200
Amc Biotech,Fondo,2026-02-06, 2510.2500
Amc Biotech,Fondo,2026-02-13, 2460.0921
Amc Biotech,Fondo,2026-02-20, 2580.8617
Amc Biotech,Fondo,2026-02-27, 2652.1600
Amc Biotech,Fondo,2026-03-06, 2564.0550
Amc Biotech,Fondo,2026-03-13, 2489.9079
Amc Biotech,Fondo,2026-03-20, 2405.0834
Amc Biotech,Fondo,2026-03-27, 2717.2115
Amc Biotech,Fondo,2026-03-31, 2643.7734
Amc Biotech,Fondo,2026-04-10, 2720.3454
Amc Biotech,Fondo,2026-04-17, 3047.3035
Amc Biotech,Fondo,2026-04-20, 3030.8852
Amc Biotech,Fondo,2026-04-21, 2973.8477
Amc Biotech,Fondo,2026-04-22, 2965.7482
Amc Biotech,Fondo,2026-04-23, 2904.2223
Amc Biotech,Fondo,2026-04-24, 2843.4520
Amc Biotech,Fondo,2026-04-27, 2628.8382
Amc Biotech,Fondo,2026-04-30, 2614.8785
Amc Biotech,Fondo,2026-05-04, 2624.3305
Amc Biotech,Fondo,2026-05-05, 2696.0700
Amc Biotech,Fondo,2026-05-06, 2805.7000
Amc Biotech,Fondo,2026-05-07, 2695.9600
Amc Biotech,Fondo,2026-05-08, 2654.7400
Amc Biotech,Fondo,2026-05-11, 2691.6900
Amc Biotech,Fondo,2026-05-12, 2705.5600
Amc Biotech,Fondo,2026-05-13, 2695.6600
Amc Biotech,Fondo,2026-05-14, 2601.6300
Amc Biotech,Fondo,2026-05-15, 2480.6300
Amc Biotech,Fondo,2026-05-18, 2275.3200
Amc Biotech,Fondo,2026-05-19, 2246.6480
Amc Biotech,Fondo,2026-05-21, 2430.4623
Amc Biotech,Fondo,2026-05-22, 2405.1179
Amc Biotech,Fondo,2026-05-24, 2405.1179
Amc Biotech,Fondo,2026-05-25, 2405.1179
Amc Biotech,Fondo,2026-05-26, 2445.6433
Amc Biotech,Fondo,2026-05-27, 2437.8025
Amc Biotech,Fondo,2026-05-28, 2437.8025
Amc Biotech,Fondo,2026-05-29, 2445.2862
Amc Biotech,Fondo,2026-06-01, 2422.7191
Amc Biotech,Fondo,2026-06-02, 2422.7191
Amc Biotech,Fondo,2026-06-07, 2075.9100
Amc Biotech,Fondo,2026-06-08, 2037.2443
Amc Biotech,Fondo,2026-06-09, 2100.6283
Amc Biotech,Fondo,2026-06-10, 2070.8025
Amc Biotech,Fondo,2026-06-14, 2187.3310
Amc Biotech,Fondo,2026-06-15, 2196.0525
Amc Biotech,Fondo,2026-06-16, 2140.2474
Amc Biotech,Fondo,2026-06-22, 2408.3283
Amc Biotech,Fondo,2026-06-24, 2400.8152
Amc Biotech,Fondo,2026-06-29, 2542.1396
Amc Biotech,Fondo,2026-06-30, 2588.7479
Amc Biotech,Fondo,2026-07-06, 2626.7447
Amc Biotech,Fondo,2026-07-07, 2724.6942
Amc Biotech,Fondo,2026-07-12, 2733.0854
Amc Biotech,Fondo,2026-07-13, 2628.1855
Amc Biotech,Fondo,2026-07-16, 2550.9841
Amc Biotech,Fondo,2026-07-19, 2561.1373
Amc Biotech,Fondo,2026-07-20, 2478.4192
Amc Biotech,Fondo,2026-07-21, 2542.1218
Amc Biotech,Fondo,2026-07-22, 2494.2634
Amc Biotech,Fondo,2026-07-23, 2478.7201
Amc Biotech,Fondo,2026-07-26, 2511.3423
Amc Biotech,Fondo,2026-07-27, 2520.1700
Amc Biotech,Fondo,2026-07-28, 2464.0618
Amc Biotech,Fondo,2026-07-31, 2436.2301
Amc Biotech,Fondo,2026-08-03, 2419.8367
Amc Biotech,Fondo,2026-08-11, 2709.4026
Amc Biotech,Fondo,2026-08-17, 2738.5250
Amc Biotech,Fondo,2026-08-19, 2862.9480
Amc Biotech,Fondo,2026-08-20, 2798.9131
Amc Biotech,Fondo,2026-08-21, 2799.2582
Amc Biotech,Fondo,2026-08-23, 2799.2582
Amc Biotech,Fondo,2026-08-24, 2798.9131
Amc Biotech,Fondo,2026-08-25, 2869.2466
Amc Biotech,Fondo,2026-08-27, 2844.8723
Fynsa Deuda Inmob.,Fondo,2025-12-31,  832.8241
Fynsa Deuda Inmob.,Fondo,2026-01-31,  833.4559
Fynsa Deuda Inmob.,Fondo,2026-02-27,  731.4937
Fynsa Deuda Inmob.,Fondo,2026-03-06,  731.4937
Fynsa Deuda Inmob.,Fondo,2026-03-13,  731.4937
Fynsa Deuda Inmob.,Fondo,2026-03-20,  731.4937
Fynsa Deuda Inmob.,Fondo,2026-03-27,  731.4937
Fynsa Deuda Inmob.,Fondo,2026-03-31,  731.4937
Fynsa Deuda Inmob.,Fondo,2026-04-03,  731.4937
Fynsa Deuda Inmob.,Fondo,2026-04-10,  730.3000
Fynsa Deuda Inmob.,Fondo,2026-04-17,  730.3000
Fynsa Deuda Inmob.,Fondo,2026-04-18,  730.3000
Fynsa Deuda Inmob.,Fondo,2026-04-19,  730.3000
Fynsa Deuda Inmob.,Fondo,2026-04-20,  730.3000
Fynsa Deuda Inmob.,Fondo,2026-04-21,  730.3000
Fynsa Deuda Inmob.,Fondo,2026-04-22,  730.3000
Fynsa Deuda Inmob.,Fondo,2026-04-23,  730.3000
Fynsa Deuda Inmob.,Fondo,2026-04-24,  730.3000
Fynsa Deuda Inmob.,Fondo,2026-04-25,  730.3000
Fynsa Deuda Inmob.,Fondo,2026-04-26,  730.3000
Fynsa Deuda Inmob.,Fondo,2026-04-27,  730.3000
Fynsa Deuda Inmob.,Fondo,2026-04-28,  730.3000
Fynsa Deuda Inmob.,Fondo,2026-04-30,  730.3000
Fynsa Deuda Inmob.,Fondo,2026-05-04,  726.7821
Fynsa Deuda Inmob.,Fondo,2026-05-05,  726.7821
Fynsa Deuda Inmob.,Fondo,2026-05-06,  726.7821
Fynsa Deuda Inmob.,Fondo,2026-05-07,  726.7821
Fynsa Deuda Inmob.,Fondo,2026-05-08,  726.7821
Fynsa Deuda Inmob.,Fondo,2026-05-11,  726.7821
Fynsa Deuda Inmob.,Fondo,2026-05-12,  726.7821
Fynsa Deuda Inmob.,Fondo,2026-05-13,  726.7821
Fynsa Deuda Inmob.,Fondo,2026-05-14,  726.7821
Fynsa Deuda Inmob.,Fondo,2026-05-15,  726.7821
Fynsa Deuda Inmob.,Fondo,2026-05-17,  726.7821
Fynsa Deuda Inmob.,Fondo,2026-05-18,  726.7821
Fynsa Deuda Inmob.,Fondo,2026-05-19,  726.7821
Fynsa Deuda Inmob.,Fondo,2026-05-21,  726.7821
Fynsa Deuda Inmob.,Fondo,2026-05-22,  726.7821
Fynsa Deuda Inmob.,Fondo,2026-05-24,  726.7821
Fynsa Deuda Inmob.,Fondo,2026-05-25,  726.7821
Fynsa Deuda Inmob.,Fondo,2026-05-26,  726.7821
Fynsa Deuda Inmob.,Fondo,2026-05-27,  726.7821
Fynsa Deuda Inmob.,Fondo,2026-05-28,  726.7821
Fynsa Deuda Inmob.,Fondo,2026-05-29,  726.7821
Fynsa Deuda Inmob.,Fondo,2026-05-30,  726.7821
Fynsa Deuda Inmob.,Fondo,2026-05-31,  726.7821
Fynsa Deuda Inmob.,Fondo,2026-06-01,  734.3879
Fynsa Deuda Inmob.,Fondo,2026-06-02,  734.3879
Fynsa Deuda Inmob.,Fondo,2026-06-03,  734.3879
Fynsa Deuda Inmob.,Fondo,2026-06-04,  734.3879
Fynsa Deuda Inmob.,Fondo,2026-06-07,  734.3879
Fynsa Deuda Inmob.,Fondo,2026-06-08,  734.3879
Fynsa Deuda Inmob.,Fondo,2026-06-09,  734.3879
Fynsa Deuda Inmob.,Fondo,2026-06-10,  734.3879
Fynsa Deuda Inmob.,Fondo,2026-06-14,  734.3879
Fynsa Deuda Inmob.,Fondo,2026-06-15,  734.3879
Fynsa Deuda Inmob.,Fondo,2026-06-16,  734.3879
Fynsa Deuda Inmob.,Fondo,2026-06-17,  734.3879
Fynsa Deuda Inmob.,Fondo,2026-06-18,  734.3879
Fynsa Deuda Inmob.,Fondo,2026-06-21,  734.3879
Fynsa Deuda Inmob.,Fondo,2026-06-22,  734.3879
Fynsa Deuda Inmob.,Fondo,2026-06-24,  734.3879
Fynsa Deuda Inmob.,Fondo,2026-06-29,  734.3879
Fynsa Deuda Inmob.,Fondo,2026-06-30,  734.3879
Fynsa Deuda Inmob.,Fondo,2026-07-05,  735.1797
Fynsa Deuda Inmob.,Fondo,2026-07-06,  735.1797
Fynsa Deuda Inmob.,Fondo,2026-07-07,  735.1797
Fynsa Deuda Inmob.,Fondo,2026-07-09,  735.1797
Fynsa Deuda Inmob.,Fondo,2026-07-12,  735.1797
Fynsa Deuda Inmob.,Fondo,2026-07-13,  735.1797
Fynsa Deuda Inmob.,Fondo,2026-07-14,  735.1797
Fynsa Deuda Inmob.,Fondo,2026-07-16,  735.1797
Fynsa Deuda Inmob.,Fondo,2026-07-19,  735.1797
Fynsa Deuda Inmob.,Fondo,2026-07-20,  735.1797
Fynsa Deuda Inmob.,Fondo,2026-07-22,  735.1797
Fynsa Deuda Inmob.,Fondo,2026-07-23,  735.1797
Fynsa Deuda Inmob.,Fondo,2026-07-26,  735.1797
Fynsa Deuda Inmob.,Fondo,2026-07-27,  735.1797
Fynsa Deuda Inmob.,Fondo,2026-07-30,  735.1797
Fynsa Deuda Inmob.,Fondo,2026-08-03,  734.3657
Fynsa Deuda Inmob.,Fondo,2026-08-04,  734.3657
Fynsa Deuda Inmob.,Fondo,2026-08-16,  734.3657
Fynsa Deuda Inmob.,Fondo,2026-08-17,  734.3657
Fynsa Deuda Inmob.,Fondo,2026-08-19,  734.3657
Fynsa Deuda Inmob.,Fondo,2026-08-20,  734.3657
Fynsa Deuda Inmob.,Fondo,2026-08-23,  734.3657
Fynsa Deuda Inmob.,Fondo,2026-08-24,  734.3657
Fynsa Deuda Inmob.,Fondo,2026-08-25,  734.3657
Fynsa Deuda Inmob.,Fondo,2026-08-27,  734.3657
Fynsa Deuda Inmob.,Fondo,2026-08-31,  734.3657
Legatruh,Indice,2025-12-31,  608.4297
Legatruh,Indice,2026-01-09,  609.5505
Legatruh,Indice,2026-01-16,  609.3355
Legatruh,Indice,2026-01-23,  609.0486
Legatruh,Indice,2026-01-30,  609.9005
Legatruh,Indice,2026-02-06,  610.9134
Legatruh,Indice,2026-02-13,  615.0287
Legatruh,Indice,2026-02-20,  615.7339
Legatruh,Indice,2026-02-27,  618.4738
Legatruh,Indice,2026-03-06,  612.3803
Legatruh,Indice,2026-03-13,  607.9856
Legatruh,Indice,2026-03-20,  605.5316
Legatruh,Indice,2026-03-27,  604.1528
Legatruh,Indice,2026-03-31,  607.4957
Legatruh,Indice,2026-04-03,  608.2751
Legatruh,Indice,2026-04-17,  612.9317
Legatruh,Indice,2026-04-20,  612.6509
Legatruh,Indice,2026-04-27,  610.7099
Legatruh,Indice,2026-04-28,  610.1186
Legatruh,Indice,2026-04-30,  609.3194
Legatruh,Indice,2026-05-03,  609.8519
Legatruh,Indice,2026-05-04,  608.6635
Legatruh,Indice,2026-05-05,  609.0718
Legatruh,Indice,2026-05-06,  611.4469
Legatruh,Indice,2026-05-07,  611.1001
Legatruh,Indice,2026-05-08,  611.6711
Legatruh,Indice,2026-05-11,  610.3908
Legatruh,Indice,2026-05-12,  608.7705
Legatruh,Indice,2026-05-13,  609.8188
Legatruh,Indice,2026-05-14,  609.2305
Legatruh,Indice,2026-05-15,  606.0034
Legatruh,Indice,2026-05-18,  605.8579
Legatruh,Indice,2026-05-19,  604.7068
Legatruh,Indice,2026-05-21,  607.8262
Legatruh,Indice,2026-05-22,  608.4710
Legatruh,Indice,2026-05-25,  609.7058
Legatruh,Indice,2026-05-26,  610.8624
Legatruh,Indice,2026-05-27,  611.2571
Legatruh,Indice,2026-05-28,  612.1497
Legatruh,Indice,2026-05-29,  613.1173
Legatruh,Indice,2026-06-01,  611.9057
Legatruh,Indice,2026-06-02,  611.9057
Legatruh,Indice,2026-06-08,  609.6752
Legatruh,Indice,2026-06-09,  610.6263
Legatruh,Indice,2026-06-10,  610.2980
Legatruh,Indice,2026-06-14,  612.6328
Legatruh,Indice,2026-06-15,  613.8394
Legatruh,Indice,2026-06-16,  614.3632
Legatruh,Indice,2026-06-17,  613.7201
Legatruh,Indice,2026-06-18,  614.4147
Legatruh,Indice,2026-06-21,  613.5695
Legatruh,Indice,2026-06-22,  613.2979
Legatruh,Indice,2026-06-23,  613.2979
Legatruh,Indice,2026-06-24,  615.8626
Legatruh,Indice,2026-06-29,  616.7808
Legatruh,Indice,2026-06-30,  615.3994
Legatruh,Indice,2026-07-06,  614.5453
Legatruh,Indice,2026-07-07,  612.7810
Legatruh,Indice,2026-07-08,  610.9784
Legatruh,Indice,2026-07-09,  611.7968
Legatruh,Indice,2026-07-10,  612.0457
Legatruh,Indice,2026-07-13,  610.7679
Legatruh,Indice,2026-07-14,  611.5887
Legatruh,Indice,2026-07-15,  612.0984
Legatruh,Indice,2026-07-16,  611.6822
Legatruh,Indice,2026-07-17,  611.9188
Legatruh,Indice,2026-07-20,  610.9918
Legatruh,Indice,2026-07-21,  610.3388
Legatruh,Indice,2026-07-22,  609.6541
Legatruh,Indice,2026-07-23,  608.3915
Legatruh,Indice,2026-07-26,  609.0369
Legatruh,Indice,2026-07-28,  611.5457
Legatruh,Indice,2026-08-03,  610.3700
Legatruh,Indice,2026-08-10,  610.5585
Legatruh,Indice,2026-08-12,  611.0183
Legatruh,Indice,2026-08-13,  612.2284
Legatruh,Indice,2026-08-14,  610.8603
Legatruh,Indice,2026-08-17,  610.0674
Legatruh,Indice,2026-08-19,  611.2679
Legatruh,Indice,2026-08-20,  610.6753
Legatruh,Indice,2026-08-21,  609.9766
Legatruh,Indice,2026-08-24,  610.7539
Legatruh,Indice,2026-08-25,  612.5770
Legatruh,Indice,2026-08-26,  612.0682
Legatruh,Indice,2026-08-27,  611.6447
Legatruh,Indice,2026-08-28,  610.3582
Legatruh,Indice,2026-08-31,  609.7855
MBI Deuda estructurada,Fondo,2025-12-31,    7.5885
MBI Deuda estructurada,Fondo,2026-01-09,    7.6087
MBI Deuda estructurada,Fondo,2026-01-16,    7.6276
MBI Deuda estructurada,Fondo,2026-01-23,    7.6442
MBI Deuda estructurada,Fondo,2026-01-30,    7.6611
MBI Deuda estructurada,Fondo,2026-01-31,    7.6635
MBI Deuda estructurada,Fondo,2026-02-06,    7.6780
MBI Deuda estructurada,Fondo,2026-02-13,    7.6950
MBI Deuda estructurada,Fondo,2026-02-20,    7.7096
MBI Deuda estructurada,Fondo,2026-02-27,    7.7265
MBI Deuda estructurada,Fondo,2026-03-06,    7.7462
MBI Deuda estructurada,Fondo,2026-03-13,    7.7698
MBI Deuda estructurada,Fondo,2026-03-20,    7.7769
MBI Deuda estructurada,Fondo,2026-03-27,    7.7934
MBI Deuda estructurada,Fondo,2026-03-31,    7.8040
MBI Deuda estructurada,Fondo,2026-04-03,    7.9166
MBI Deuda estructurada,Fondo,2026-04-10,    7.9333
MBI Deuda estructurada,Fondo,2026-04-17,    7.8444
MBI Deuda estructurada,Fondo,2026-04-28,    7.8713
MBI Deuda estructurada,Fondo,2026-04-30,    7.8787
MBI Deuda estructurada,Fondo,2026-05-04,    7.8885
MBI Deuda estructurada,Fondo,2026-05-05,    7.8909
MBI Deuda estructurada,Fondo,2026-05-06,    7.8933
MBI Deuda estructurada,Fondo,2026-05-07,    7.8957
MBI Deuda estructurada,Fondo,2026-05-08,    7.8982
MBI Deuda estructurada,Fondo,2026-05-11,    7.9055
MBI Deuda estructurada,Fondo,2026-05-12,    7.9060
MBI Deuda estructurada,Fondo,2026-05-13,    7.9104
MBI Deuda estructurada,Fondo,2026-05-14,    7.9128
MBI Deuda estructurada,Fondo,2026-05-15,    7.9157
MBI Deuda estructurada,Fondo,2026-05-17,    7.9206
MBI Deuda estructurada,Fondo,2026-05-18,    7.9229
MBI Deuda estructurada,Fondo,2026-05-19,    7.9254
MBI Deuda estructurada,Fondo,2026-05-21,    7.9302
MBI Deuda estructurada,Fondo,2026-05-24,    7.9375
MBI Deuda estructurada,Fondo,2026-05-25,    7.9423
MBI Deuda estructurada,Fondo,2026-05-26,    7.9423
MBI Deuda estructurada,Fondo,2026-05-27,    7.9448
MBI Deuda estructurada,Fondo,2026-05-28,    7.9472
MBI Deuda estructurada,Fondo,2026-05-29,    7.9495
MBI Deuda estructurada,Fondo,2026-05-30,    7.9517
MBI Deuda estructurada,Fondo,2026-05-31,    7.9540
MBI Deuda estructurada,Fondo,2026-06-01,    7.9566
MBI Deuda estructurada,Fondo,2026-06-02,    7.9590
MBI Deuda estructurada,Fondo,2026-06-03,    7.9590
MBI Deuda estructurada,Fondo,2026-06-04,    7.9636
MBI Deuda estructurada,Fondo,2026-06-07,    7.9715
MBI Deuda estructurada,Fondo,2026-06-08,    7.9742
MBI Deuda estructurada,Fondo,2026-06-09,    7.9765
MBI Deuda estructurada,Fondo,2026-06-10,    7.9788
MBI Deuda estructurada,Fondo,2026-06-14,    7.9879
MBI Deuda estructurada,Fondo,2026-06-15,    7.9905
MBI Deuda estructurada,Fondo,2026-06-16,    7.9929
MBI Deuda estructurada,Fondo,2026-06-17,    7.9952
MBI Deuda estructurada,Fondo,2026-06-18,    7.9977
MBI Deuda estructurada,Fondo,2026-06-21,    7.9846
MBI Deuda estructurada,Fondo,2026-06-22,    7.9871
MBI Deuda estructurada,Fondo,2026-06-24,    7.9920
MBI Deuda estructurada,Fondo,2026-07-06,    7.5275
MBI Deuda estructurada,Fondo,2026-07-07,    7.5300
MBI Deuda estructurada,Fondo,2026-07-09,    7.5358
MBI Deuda estructurada,Fondo,2026-07-12,    7.5423
MBI Deuda estructurada,Fondo,2026-07-13,    7.5447
MBI Deuda estructurada,Fondo,2026-07-14,    7.5472
MBI Deuda estructurada,Fondo,2026-07-16,    7.5516
MBI Deuda estructurada,Fondo,2026-07-19,    7.5583
MBI Deuda estructurada,Fondo,2026-07-20,    7.5606
MBI Deuda estructurada,Fondo,2026-07-22,    7.5654
MBI Deuda estructurada,Fondo,2026-07-23,    7.5678
MBI Deuda estructurada,Fondo,2026-07-26,    7.5747
MBI Deuda estructurada,Fondo,2026-07-27,    7.5770
MBI Deuda estructurada,Fondo,2026-07-30,    7.5841
MBI Deuda estructurada,Fondo,2026-07-31,    7.5873
MBI Deuda estructurada,Fondo,2026-08-04,    7.5971
MBI Deuda estructurada,Fondo,2026-08-05,    7.6005
MBI Deuda estructurada,Fondo,2026-08-11,    7.6153
MBI Deuda estructurada,Fondo,2026-08-16,    7.6279
MBI Deuda estructurada,Fondo,2026-08-17,    7.6303
MBI Deuda estructurada,Fondo,2026-08-19,    7.6364
MBI Deuda estructurada,Fondo,2026-08-20,    7.6388
MBI Deuda estructurada,Fondo,2026-08-23,    7.6460
MBI Deuda estructurada,Fondo,2026-08-24,    7.6485
MBI Deuda estructurada,Fondo,2026-08-25,    7.6505
Quest Fin Inmb.,Fondo,2025-12-31,43022.9500
Quest Fin Inmb.,Fondo,2026-01-31,43365.9200
Quest Fin Inmb.,Fondo,2026-02-27,43540.0000
Quest Fin Inmb.,Fondo,2026-03-06,43540.0000
Quest Fin Inmb.,Fondo,2026-03-13,43540.0000
Quest Fin Inmb.,Fondo,2026-03-20,43540.0000
Quest Fin Inmb.,Fondo,2026-03-27,43714.0000
Quest Fin Inmb.,Fondo,2026-03-31,43714.0000
Quest Fin Inmb.,Fondo,2026-04-03,43714.0000
Quest Fin Inmb.,Fondo,2026-04-10,43714.0000
Quest Fin Inmb.,Fondo,2026-04-17,43865.0300
Quest Fin Inmb.,Fondo,2026-04-18,43865.0300
Quest Fin Inmb.,Fondo,2026-04-19,43865.0300
Quest Fin Inmb.,Fondo,2026-04-20,43865.0300
Quest Fin Inmb.,Fondo,2026-04-21,43865.0300
Quest Fin Inmb.,Fondo,2026-04-22,43865.0300
Quest Fin Inmb.,Fondo,2026-04-23,43865.0300
Quest Fin Inmb.,Fondo,2026-04-24,43865.0300
Quest Fin Inmb.,Fondo,2026-04-25,43865.0300
Quest Fin Inmb.,Fondo,2026-04-26,43865.0300
Quest Fin Inmb.,Fondo,2026-04-27,43865.0300
Quest Fin Inmb.,Fondo,2026-04-28,43865.0300
Quest Fin Inmb.,Fondo,2026-04-30,43865.0300
Quest Fin Inmb.,Fondo,2026-05-04,43865.0300
Quest Fin Inmb.,Fondo,2026-05-05,43865.0300
Quest Fin Inmb.,Fondo,2026-05-06,43865.0300
Quest Fin Inmb.,Fondo,2026-05-07,43865.0300
Quest Fin Inmb.,Fondo,2026-05-08,43865.0300
Quest Fin Inmb.,Fondo,2026-05-11,43865.0300
Quest Fin Inmb.,Fondo,2026-05-12,43865.0300
Quest Fin Inmb.,Fondo,2026-05-13,43865.0300
Quest Fin Inmb.,Fondo,2026-05-14,44180.4900
Quest Fin Inmb.,Fondo,2026-05-15,44180.4900
Quest Fin Inmb.,Fondo,2026-05-17,44180.4900
Quest Fin Inmb.,Fondo,2026-05-18,44180.4900
Quest Fin Inmb.,Fondo,2026-05-19,44180.4900
Quest Fin Inmb.,Fondo,2026-05-21,44180.4900
Quest Fin Inmb.,Fondo,2026-05-22,44180.4900
Quest Fin Inmb.,Fondo,2026-05-24,44180.4900
Quest Fin Inmb.,Fondo,2026-05-25,44180.4900
Quest Fin Inmb.,Fondo,2026-05-26,44180.4900
Quest Fin Inmb.,Fondo,2026-05-27,44180.4900
Quest Fin Inmb.,Fondo,2026-05-28,44180.4900
Quest Fin Inmb.,Fondo,2026-05-29,44180.4900
Quest Fin Inmb.,Fondo,2026-05-30,44180.4900
Quest Fin Inmb.,Fondo,2026-05-31,44180.4900
Quest Fin Inmb.,Fondo,2026-06-01,44180.4900
Quest Fin Inmb.,Fondo,2026-06-02,44180.4900
Quest Fin Inmb.,Fondo,2026-06-03,44180.4900
Quest Fin Inmb.,Fondo,2026-06-04,44180.4900
Quest Fin Inmb.,Fondo,2026-06-07,44180.4900
Quest Fin Inmb.,Fondo,2026-06-08,44181.0000
Quest Fin Inmb.,Fondo,2026-06-09,44180.4900
Quest Fin Inmb.,Fondo,2026-06-10,44180.4900
Quest Fin Inmb.,Fondo,2026-06-14,44750.2000
Quest Fin Inmb.,Fondo,2026-06-15,44750.2000
Quest Fin Inmb.,Fondo,2026-06-16,44750.2000
Quest Fin Inmb.,Fondo,2026-06-17,44750.2000
Quest Fin Inmb.,Fondo,2026-06-18,44750.2000
Quest Fin Inmb.,Fondo,2026-06-22,44750.2000
Quest Fin Inmb.,Fondo,2026-06-24,44750.2000
Quest Fin Inmb.,Fondo,2026-06-29,44750.2000
Quest Fin Inmb.,Fondo,2026-06-30,44750.2000
Quest Fin Inmb.,Fondo,2026-07-05,44750.2000
Quest Fin Inmb.,Fondo,2026-07-06,44750.2000
Quest Fin Inmb.,Fondo,2026-07-07,44750.2000
Quest Fin Inmb.,Fondo,2026-07-09,44750.2000
Quest Fin Inmb.,Fondo,2026-07-12,44750.2000
Quest Fin Inmb.,Fondo,2026-07-13,44750.2000
Quest Fin Inmb.,Fondo,2026-07-14,44750.2000
Quest Fin Inmb.,Fondo,2026-07-16,44750.2000
Quest Fin Inmb.,Fondo,2026-07-19,44750.2000
Quest Fin Inmb.,Fondo,2026-07-20,44750.2000
Quest Fin Inmb.,Fondo,2026-07-22,44750.2000
Quest Fin Inmb.,Fondo,2026-07-23,44750.2000
Quest Fin Inmb.,Fondo,2026-07-26,44750.2000
Quest Fin Inmb.,Fondo,2026-07-27,44750.2000
Quest Fin Inmb.,Fondo,2026-07-30,44750.2000
Quest Fin Inmb.,Fondo,2026-08-03,45067.0600
Quest Fin Inmb.,Fondo,2026-08-04,45067.0600
Quest Fin Inmb.,Fondo,2026-08-16,45067.0600
Quest Fin Inmb.,Fondo,2026-08-17,45067.0600
Quest Fin Inmb.,Fondo,2026-08-19,45067.0600
Quest Fin Inmb.,Fondo,2026-08-20,45067.0600
Quest Fin Inmb.,Fondo,2026-08-23,45067.0600
Quest Fin Inmb.,Fondo,2026-08-24,45067.0600
Quest Fin Inmb.,Fondo,2026-08-25,45067.0600
Quest Fin Inmb.,Fondo,2026-08-27,45067.0600
Quest Fin Inmb.,Fondo,2026-08-31,45067.0600
IPSA,Indice,2025-11-26, 9998.9400
IPSA,Indice,2025-11-27, 10077.8400
IPSA,Indice,2025-11-28, 10128.5800
IPSA,Indice,2025-12-01, 10144.0200
IPSA,Indice,2025-12-02, 10146.4900
IPSA,Indice,2025-12-03, 10176.0800
IPSA,Indice,2025-12-04, 10179.4200
IPSA,Indice,2025-12-05, 10222.6100
IPSA,Indice,2025-12-09, 10179.9700
IPSA,Indice,2025-12-10, 10170.3700
IPSA,Indice,2025-12-11, 10362.8600
IPSA,Indice,2025-12-12, 10400.0100
IPSA,Indice,2025-12-15, 10302.2300
IPSA,Indice,2025-12-16, 10188.4300
IPSA,Indice,2025-12-17, 10134.5200
IPSA,Indice,2025-12-18, 10194.2600
IPSA,Indice,2025-12-19, 10304.2600
IPSA,Indice,2025-12-22, 10389.3900
IPSA,Indice,2025-12-23, 10403.7300
IPSA,Indice,2025-12-24, 10386.9900
IPSA,Indice,2025-12-26, 10483.1500
IPSA,Indice,2025-12-29, 10521.6800
IPSA,Indice,2025-12-30, 10481.4000
IPSA,Indice,2025-12-31, 10481.4000
IPSA,Indice,2026-01-02, 10428.6300
IPSA,Indice,2026-01-03, 10428.6300
IPSA,Indice,2026-01-04, 10428.6300
IPSA,Indice,2026-01-05, 10693.5700
IPSA,Indice,2026-01-06, 10927.7900
IPSA,Indice,2026-01-07, 10876.8000
IPSA,Indice,2026-01-08, 10916.0800
IPSA,Indice,2026-01-09, 10929.1500
IPSA,Indice,2026-01-10, 10929.1500
IPSA,Indice,2026-01-11, 10929.1500
IPSA,Indice,2026-01-12, 11066.1600
IPSA,Indice,2026-01-13, 11254.4800
IPSA,Indice,2026-01-14, 11219.9800
IPSA,Indice,2026-01-15, 11088.4800
IPSA,Indice,2026-01-16, 11156.7300
IPSA,Indice,2026-01-17, 11156.7300
IPSA,Indice,2026-01-18, 11156.7300
IPSA,Indice,2026-01-19, 11143.4000
IPSA,Indice,2026-01-20, 11159.3500
IPSA,Indice,2026-01-21, 11254.8700
IPSA,Indice,2026-01-22, 11507.7000
IPSA,Indice,2026-01-23, 11500.1000
IPSA,Indice,2026-01-24, 11500.1000
IPSA,Indice,2026-01-25, 11500.1000
IPSA,Indice,2026-01-26, 11546.2800
IPSA,Indice,2026-01-27, 11626.2000
IPSA,Indice,2026-01-28, 11627.5800
IPSA,Indice,2026-01-29, 11523.4500
IPSA,Indice,2026-01-30, 11420.0700
IPSA,Indice,2026-01-31, 11420.0700
IPSA,Indice,2026-02-01, 11420.0700
IPSA,Indice,2026-02-02, 11482.7100
IPSA,Indice,2026-02-03, 11609.4000
IPSA,Indice,2026-02-04, 11425.8800
IPSA,Indice,2026-02-05, 11251.6200
IPSA,Indice,2026-02-06, 11210.7800
IPSA,Indice,2026-02-07, 11210.7800
IPSA,Indice,2026-02-08, 11210.7800
IPSA,Indice,2026-02-09, 11250.5600
IPSA,Indice,2026-02-10, 11009.2800
IPSA,Indice,2026-02-11, 11217.8200
IPSA,Indice,2026-02-12, 10974.8400
IPSA,Indice,2026-02-13, 10897.7400
IPSA,Indice,2026-02-14, 10897.7400
IPSA,Indice,2026-02-15, 10897.7400
IPSA,Indice,2026-02-16, 10911.5800
IPSA,Indice,2026-02-17, 10892.2600
IPSA,Indice,2026-02-18, 10864.4800
IPSA,Indice,2026-02-19, 10809.1500
IPSA,Indice,2026-02-20, 10855.0800
IPSA,Indice,2026-02-21, 10855.0800
IPSA,Indice,2026-02-22, 10855.0800
IPSA,Indice,2026-02-23, 10923.2500
IPSA,Indice,2026-02-24, 10991.7600
IPSA,Indice,2026-02-25, 11133.2800
IPSA,Indice,2026-02-26, 11049.6900
IPSA,Indice,2026-02-27, 10877.7400
IPSA,Indice,2026-02-28, 10877.7400
IPSA,Indice,2026-03-01, 10877.7400
IPSA,Indice,2026-03-02, 10549.2800
IPSA,Indice,2026-03-03, 10248.9600
IPSA,Indice,2026-03-04, 10494.9700
IPSA,Indice,2026-03-05, 10297.9300
IPSA,Indice,2026-03-06, 10314.0300
IPSA,Indice,2026-03-07, 10314.0300
IPSA,Indice,2026-03-08, 10314.0300
IPSA,Indice,2026-03-09, 10428.6400
IPSA,Indice,2026-03-10, 10604.5200
IPSA,Indice,2026-03-11, 10505.2100
IPSA,Indice,2026-03-12, 10399.6400
IPSA,Indice,2026-03-13, 10466.5200
IPSA,Indice,2026-03-14, 10466.5200
IPSA,Indice,2026-03-15, 10466.5200
IPSA,Indice,2026-03-16, 10584.6300
IPSA,Indice,2026-03-17, 10620.8900
IPSA,Indice,2026-03-18, 10619.6900
IPSA,Indice,2026-03-19, 10473.4500
IPSA,Indice,2026-03-20, 10277.5100
IPSA,Indice,2026-03-21, 10277.5100
IPSA,Indice,2026-03-22, 10277.5100
IPSA,Indice,2026-03-23, 10227.6400
IPSA,Indice,2026-03-24, 10206.1600
IPSA,Indice,2026-03-25, 10409.9500
IPSA,Indice,2026-03-26, 10397.0300
IPSA,Indice,2026-03-27, 10417.1900
IPSA,Indice,2026-03-28, 10417.1900
IPSA,Indice,2026-03-29, 10417.1900
IPSA,Indice,2026-03-30, 10418.0600
IPSA,Indice,2026-03-31, 10640.0800
IPSA,Indice,2026-04-01, 10856.2900
IPSA,Indice,2026-04-02, 10739.1500
IPSA,Indice,2026-04-03, 10739.1500
IPSA,Indice,2026-04-04, 10739.1500
IPSA,Indice,2026-04-05, 10739.1500
IPSA,Indice,2026-04-06, 10695.0900
IPSA,Indice,2026-04-07, 10518.4000
IPSA,Indice,2026-04-08, 10858.4000
IPSA,Indice,2026-04-09, 10958.3300
IPSA,Indice,2026-04-10, 11076.6500
IPSA,Indice,2026-04-11, 11076.6500
IPSA,Indice,2026-04-12, 11076.6500
IPSA,Indice,2026-04-13, 11132.8400
IPSA,Indice,2026-04-14, 11336.0200
IPSA,Indice,2026-04-15, 11313.8700
IPSA,Indice,2026-04-16, 11477.1100
IPSA,Indice,2026-04-17, 11429.1900
IPSA,Indice,2026-04-18, 11429.1900
IPSA,Indice,2026-04-19, 11429.1900
IPSA,Indice,2026-04-20, 11343.5500
IPSA,Indice,2026-04-21, 11128.4600
IPSA,Indice,2026-04-22, 11002.1300
IPSA,Indice,2026-04-23, 10992.0900
IPSA,Indice,2026-04-24, 11173.5100
IPSA,Indice,2026-04-25, 11173.5100
IPSA,Indice,2026-04-26, 11173.5100
IPSA,Indice,2026-04-27, 11130.0300
IPSA,Indice,2026-04-28, 10905.4500
IPSA,Indice,2026-04-29, 10857.9900
IPSA,Indice,2026-04-30, 10908.3000
IPSA,Indice,2026-05-01, 10908.3000
IPSA,Indice,2026-05-02, 10908.3000
IPSA,Indice,2026-05-03, 10908.3000
IPSA,Indice,2026-05-04, 10717.3400
IPSA,Indice,2026-05-05, 10691.2700
IPSA,Indice,2026-05-06, 10937.1900
IPSA,Indice,2026-05-07, 10871.2800
IPSA,Indice,2026-05-08, 10758.9000
IPSA,Indice,2026-05-09, 10758.9000
IPSA,Indice,2026-05-10, 10758.9000
IPSA,Indice,2026-05-11, 10702.1300
IPSA,Indice,2026-05-12, 10640.6600
IPSA,Indice,2026-05-13, 10396.5000
IPSA,Indice,2026-05-14, 10482.2700
IPSA,Indice,2026-05-15, 10421.3500
IPSA,Indice,2026-05-16, 10421.3500
IPSA,Indice,2026-05-17, 10421.3500
IPSA,Indice,2026-05-18, 10467.7800
IPSA,Indice,2026-05-19, 10350.8600
IPSA,Indice,2026-05-20, 10599.6900
IPSA,Indice,2026-05-21, 10599.6900
IPSA,Indice,2026-05-22, 10563.8800
IPSA,Indice,2026-05-23, 10563.8800
IPSA,Indice,2026-05-24, 10563.8800
IPSA,Indice,2026-05-25, 10825.5300
IPSA,Indice,2026-05-26, 10747.0200
IPSA,Indice,2026-05-27, 10838.0400
IPSA,Indice,2026-05-28, 10897.1700
IPSA,Indice,2026-05-29, 10788.1900
IPSA,Indice,2026-05-30, 10788.1900
IPSA,Indice,2026-05-31, 10788.1900
IPSA,Indice,2026-06-01, 10626.4100
IPSA,Indice,2026-06-02, 10469.1800
IPSA,Indice,2026-06-03, 10359.9400
IPSA,Indice,2026-06-04, 10304.0400
IPSA,Indice,2026-06-05, 10273.0900
IPSA,Indice,2026-06-06, 10273.0900
IPSA,Indice,2026-06-07, 10273.0900
IPSA,Indice,2026-06-08, 10163.7500
IPSA,Indice,2026-06-09, 10501.0200
IPSA,Indice,2026-06-10, 10453.4500
IPSA,Indice,2026-06-11, 10740.7000
IPSA,Indice,2026-06-12, 10922.9800
IPSA,Indice,2026-06-15, 10878.9800
IPSA,Indice,2026-06-16, 10903.5900
IPSA,Indice,2026-06-17, 10811.5100
IPSA,Indice,2026-06-18, 10836.9900
IPSA,Indice,2026-06-19, 10888.4300
IPSA,Indice,2026-06-22, 10900.5200
IPSA,Indice,2026-06-23, 10769.5100
IPSA,Indice,2026-06-24, 10675.0800
IPSA,Indice,2026-06-25, 10706.2500
IPSA,Indice,2026-06-26, 10762.9800
IPSA,Indice,2026-06-30, 10839.8000
IPSA,Indice,2026-07-01, 10811.9500
IPSA,Indice,2026-07-02, 10794.2600
IPSA,Indice,2026-07-03, 10821.1400
IPSA,Indice,2026-07-06, 10878.9900
IPSA,Indice,2026-07-07, 11025.2100
IPSA,Indice,2026-07-08, 10947.0200
IPSA,Indice,2026-07-09, 11025.2900
IPSA,Indice,2026-07-10, 11056.8700
IPSA,Indice,2026-07-13, 10927.7100
IPSA,Indice,2026-07-14, 11024.1000
IPSA,Indice,2026-07-15, 10947.3800
IPSA,Indice,2026-07-17, 10887.7200
IPSA,Indice,2026-07-20, 10898.3600
IPSA,Indice,2026-07-21, 10954.0400
IPSA,Indice,2026-07-22, 11009.2200
IPSA,Indice,2026-07-23, 10913.4200
IPSA,Indice,2026-07-24, 10950.7400
IPSA,Indice,2026-07-27, 10964.1100
IPSA,Indice,2026-07-28, 10880.0400
IPSA,Indice,2026-07-29, 10936.7400
IPSA,Indice,2026-07-30, 11030.3700
IPSA,Indice,2026-07-31, 11016.8500
IPSA,Indice,2026-08-03, 11049.5800
IPSA,Indice,2026-08-04, 10996.4600
IPSA,Indice,2026-08-05, 11157.6900
IPSA,Indice,2026-08-06, 11275.1500
IPSA,Indice,2026-08-07, 11256.2800
IPSA,Indice,2026-08-10, 11268.8100
IPSA,Indice,2026-08-11, 11128.4200
IPSA,Indice,2026-08-12, 10982.7200
IPSA,Indice,2026-08-13, 11000.0700
IPSA,Indice,2026-08-14, 11040.4800
IPSA,Indice,2026-08-17, 11147.8300
IPSA,Indice,2026-08-18, 11186.5700
IPSA,Indice,2026-08-19, 11241.3200
IPSA,Indice,2026-08-20, 11238.5900
IPSA,Indice,2026-08-21, 11338.3800
IPSA,Indice,2026-08-24, 11537.9800
IPSA,Indice,2026-08-25, 11450.7500
IPSA,Indice,2026-08-26, 11369.1800
IPSA,Indice,2026-08-27, 11470.7900
IPSA,Indice,2026-08-28, 11445.9000
